<?xml version="1.0" encoding="utf-8" standalone="yes"?>
<rss version="2.0" xmlns:atom="http://www.w3.org/2005/Atom">
  <channel>
    <title>My New Hugo Site</title>
    <link>http://localhost:1313/</link>
    <description>Recent content on My New Hugo Site</description>
    <generator>Hugo</generator>
    <language>en-us</language>
    <lastBuildDate>Fri, 04 Oct 2024 12:52:01 +0200</lastBuildDate>
    <atom:link href="http://localhost:1313/index.xml" rel="self" type="application/rss+xml" />
    <item>
      <title>My Second Post</title>
      <link>http://localhost:1313/posts/my-second-post/</link>
      <pubDate>Fri, 04 Oct 2024 12:52:01 +0200</pubDate>
      <guid>http://localhost:1313/posts/my-second-post/</guid>
      <description>&lt;p&gt;This is &lt;strong&gt;bold&lt;/strong&gt; text and Second Post, and this is &lt;em&gt;emphasized&lt;/em&gt; text.&lt;/p&gt;&#xA;&lt;p&gt;Visit the &lt;a href=&#34;https://gohugo.io&#34;&gt;Hugo&lt;/a&gt; website!&lt;/p&gt;</description>
    </item>
    <item>
      <title>My First Post</title>
      <link>http://localhost:1313/posts/my-first-post/</link>
      <pubDate>Fri, 04 Oct 2024 12:51:11 +0200</pubDate>
      <guid>http://localhost:1313/posts/my-first-post/</guid>
      <description>&lt;p&gt;This is &lt;strong&gt;bold&lt;/strong&gt; text and First Post, and this is &lt;em&gt;emphasized&lt;/em&gt; text.&lt;/p&gt;&#xA;&lt;p&gt;Visit the &lt;a href=&#34;https://gohugo.io&#34;&gt;Hugo&lt;/a&gt; website!&lt;/p&gt;</description>
    </item>
  </channel>
</rss>
